"ID","NAME","STATUS","PREFIXES AS URL","PREFIXES AS LRU","HOME PAGE","CRAWLED","CRAWLING STATUS","INDEXING STATUS","INDEGREE","CREATION TIMESTAMP","CREATION DATE","LAST MODIFICATION TIMESTAMP","LAST MODIFICATION DATE","createdBy (TECHNICAL INFO)"
"1","Aklagare.se","IN","http://aklagare.se http://www.aklagare.se https://aklagare.se https://www.aklagare.se","s:https|h:se|h:aklagare| s:https|h:se|h:aklagare|h:www| s:http|h:se|h:aklagare| s:http|h:se|h:aklagare|h:www|","https://www.aklagare.se","true","FINISHED","FINISHED","4","1516107565654","2018-01-16 13:59:25","1516107578668","2018-01-16 13:59:38","user via lru"
"6","Arvsfonden.se","IN","http://arvsfonden.se http://www.arvsfonden.se https://arvsfonden.se https://www.arvsfonden.se","s:https|h:se|h:arvsfonden| s:https|h:se|h:arvsfonden|h:www| s:http|h:se|h:arvsfonden| s:http|h:se|h:arvsfonden|h:www|","http://www.arvsfonden.se/kontakta-oss","true","FINISHED","FINISHED","0","1516107565681","2018-01-16 13:59:25","1516107578733","2018-01-16 13:59:38","user via lru"
"7","Av.se","IN","http://av.se http://www.av.se https://av.se https://www.av.se","s:https|h:se|h:av| s:https|h:se|h:av|h:www| s:http|h:se|h:av| s:http|h:se|h:av|h:www|","https://www.av.se/other-languages/","true","FINISHED","FINISHED","7","1516107565687","2018-01-16 13:59:25","1516107578791","2018-01-16 13:59:38","user via lru"
"4","Arkdes.se","IN","http://arkdes.se http://www.arkdes.se https://arkdes.se https://www.arkdes.se","s:https|h:se|h:arkdes| s:https|h:se|h:arkdes|h:www| s:http|h:se|h:arkdes| s:http|h:se|h:arkdes|h:www|","https://arkdes.se","true","FINISHED","FINISHED","1","1516107565672","2018-01-16 13:59:25","1516107578707","2018-01-16 13:59:38","user via lru"
"5","Arn.se","IN","http://arn.se http://www.arn.se https://arn.se https://www.arn.se","s:https|h:se|h:arn| s:https|h:se|h:arn|h:www| s:http|h:se|h:arn| s:http|h:se|h:arn|h:www|","http://arn.se/om-arn/","true","FINISHED","FINISHED","2","1516107565675","2018-01-16 13:59:25","1516107578723","2018-01-16 13:59:38","user via lru"
"2","Arbetsformedlingen.se","IN","http://arbetsformedlingen.se http://www.arbetsformedlingen.se https://arbetsformedlingen.se https://www.arbetsformedlingen.se","s:https|h:se|h:arbetsformedlingen| s:https|h:se|h:arbetsformedlingen|h:www| s:http|h:se|h:arbetsformedlingen| s:http|h:se|h:arbetsformedlingen|h:www|","https://www.arbetsformedlingen.se","true","FINISHED","FINISHED","3","1516107565662","2018-01-16 13:59:25","1516107578676","2018-01-16 13:59:38","user via lru"
"3","Arbetsgivarverket.se","IN","http://arbetsgivarverket.se http://www.arbetsgivarverket.se https://arbetsgivarverket.se https://www.arbetsgivarverket.se","s:https|h:se|h:arbetsgivarverket| s:https|h:se|h:arbetsgivarverket|h:www| s:http|h:se|h:arbetsgivarverket| s:http|h:se|h:arbetsgivarverket|h:www|","https://www.arbetsgivarverket.se","true","FINISHED","FINISHED","7","1516107565667","2018-01-16 13:59:25","1516107578684","2018-01-16 13:59:38","user via lru"
"8","Barnombudsmannen.se","IN","http://barnombudsmannen.se http://www.barnombudsmannen.se https://barnombudsmannen.se https://www.barnombudsmannen.se","s:https|h:se|h:barnombudsmannen| s:https|h:se|h:barnombudsmannen|h:www| s:http|h:se|h:barnombudsmannen| s:http|h:se|h:barnombudsmannen|h:www|","https://www.barnombudsmannen.se","true","FINISHED","FINISHED","2","1516107565690","2018-01-16 13:59:25","1516107578805","2018-01-16 13:59:38","user via lru"
"9","Bfn.se","IN","http://bfn.se http://www.bfn.se https://bfn.se https://www.bfn.se","s:https|h:se|h:bfn| s:https|h:se|h:bfn|h:www| s:http|h:se|h:bfn| s:http|h:se|h:bfn|h:www|","http://bfn.se/sv/skrivelser/hemstallan-om-lagandring","true","FINISHED","FINISHED","2","1516107565692","2018-01-16 13:59:25","1516107578852","2018-01-16 13:59:38","user via lru"
"10","Bolagsverket.se","IN","http://bolagsverket.se http://www.bolagsverket.se https://bolagsverket.se https://www.bolagsverket.se","s:https|h:se|h:bolagsverket| s:https|h:se|h:bolagsverket|h:www| s:http|h:se|h:bolagsverket| s:http|h:se|h:bolagsverket|h:www|","http://bolagsverket.se/ol/other","true","FINISHED","FINISHED","4","1516107565699","2018-01-16 13:59:25","1516107578915","2018-01-16 13:59:38","user via lru"
"11","Bra.se","IN","http://bra.se http://www.bra.se https://bra.se https://www.bra.se","s:https|h:se|h:bra| s:https|h:se|h:bra|h:www| s:http|h:se|h:bra| s:http|h:se|h:bra|h:www|","http://www.bra.se","true","FINISHED","FINISHED","4","1516107565736","2018-01-16 13:59:25","1516107578928","2018-01-16 13:59:38","user via lru"
"12","Boverket.se","IN","http://boverket.se http://www.boverket.se https://boverket.se https://www.boverket.se","s:https|h:se|h:boverket| s:https|h:se|h:boverket|h:www| s:http|h:se|h:boverket| s:http|h:se|h:boverket|h:www|","http://www.boverket.se/sv/","true","FINISHED","FINISHED","6","1516107565741","2018-01-16 13:59:25","1516107578970","2018-01-16 13:59:38","user via lru"
"14","Bth.se","IN","http://bth.se http://www.bth.se https://bth.se https://www.bth.se","s:https|h:se|h:bth| s:https|h:se|h:bth|h:www| s:http|h:se|h:bth| s:http|h:se|h:bth|h:www|","https://studentportal.bth.se/web/studentportal.nsf/web.xsp/","true","FINISHED","FINISHED","1","1516107565787","2018-01-16 13:59:25","1516107579086","2018-01-16 13:59:39","user via lru"
"13","Brottsoffermyndigheten.se","IN","http://brottsoffermyndigheten.se http://www.brottsoffermyndigheten.se https://brottsoffermyndigheten.se https://www.brottsoffermyndigheten.se","s:https|h:se|h:brottsoffermyndigheten| s:https|h:se|h:brottsoffermyndigheten|h:www| s:http|h:se|h:brottsoffermyndigheten| s:http|h:se|h:brottsoffermyndigheten|h:www|","https://www.brottsoffermyndigheten.se/eng","true","FINISHED","FINISHED","4","1516107565780","2018-01-16 13:59:25","1516107579038","2018-01-16 13:59:39","user via lru"
"15","Csn.se","IN","http://csn.se http://www.csn.se https://csn.se https://www.csn.se","s:https|h:se|h:csn| s:https|h:se|h:csn|h:www| s:http|h:se|h:csn| s:http|h:se|h:csn|h:www|","https://www.csn.se","true","FINISHED","FINISHED","7","1516107565791","2018-01-16 13:59:25","1516107579104","2018-01-16 13:59:39","user via lru"
"16","Datainspektionen.se","IN","http://datainspektionen.se http://www.datainspektionen.se https://datainspektionen.se https://www.datainspektionen.se","s:https|h:se|h:datainspektionen| s:https|h:se|h:datainspektionen|h:www| s:http|h:se|h:datainspektionen| s:http|h:se|h:datainspektionen|h:www|","https://www.datainspektionen.se","true","FINISHED","FINISHED","7","1516107565796","2018-01-16 13:59:25","1516107579249","2018-01-16 13:59:39","user via lru"
"17","Do.se","IN","http://do.se http://www.do.se https://do.se https://www.do.se","s:https|h:se|h:do| s:https|h:se|h:do|h:www| s:http|h:se|h:do| s:http|h:se|h:do|h:www|","http://www.do.se","true","FINISHED","FINISHED","5","1516107565800","2018-01-16 13:59:25","1516107579309","2018-01-16 13:59:39","user via lru"
"21","Ekn.se","IN","http://ekn.se http://www.ekn.se https://ekn.se https://www.ekn.se","s:https|h:se|h:ekn| s:https|h:se|h:ekn|h:www| s:http|h:se|h:ekn| s:http|h:se|h:ekn|h:www|","http://www.ekn.se","true","FINISHED","FINISHED","1","1516107565825","2018-01-16 13:59:25","1516107585403","2018-01-16 13:59:45","user via lru"
"19","Du.se","IN","http://du.se http://www.du.se https://du.se https://www.du.se","s:https|h:se|h:du| s:https|h:se|h:du|h:www| s:http|h:se|h:du| s:http|h:se|h:du|h:www|","https://learn.du.se/ultra/stream","true","FINISHED","FINISHED","1","1516107565818","2018-01-16 13:59:25","1516107582703","2018-01-16 13:59:42","user via lru"
"27","Epn.se","IN","http://epn.se http://www.epn.se https://epn.se https://www.epn.se","s:https|h:se|h:epn| s:https|h:se|h:epn|h:www| s:http|h:se|h:epn| s:http|h:se|h:epn|h:www|","https://epn.se/start/soek-efter-beslut/","true","FINISHED","FINISHED","2","1516107565890","2018-01-16 13:59:25","1516107588544","2018-01-16 13:59:48","user via lru"
"18","Domstol.se","IN","http://domstol.se http://www.domstol.se https://domstol.se https://www.domstol.se","s:https|h:se|h:domstol| s:https|h:se|h:domstol|h:www| s:http|h:se|h:domstol| s:http|h:se|h:domstol|h:www|","http://www.domstol.se","true","FINISHED","FINISHED","7","1516107565810","2018-01-16 13:59:25","1516107579324","2018-01-16 13:59:39","user via lru"
"20","Ehalsomyndigheten.se","IN","http://ehalsomyndigheten.se http://www.ehalsomyndigheten.se https://ehalsomyndigheten.se https://www.ehalsomyndigheten.se","s:https|h:se|h:ehalsomyndigheten| s:https|h:se|h:ehalsomyndigheten|h:www| s:http|h:se|h:ehalsomyndigheten| s:http|h:se|h:ehalsomyndigheten|h:www|","https://www.ehalsomyndigheten.se","true","FINISHED","FINISHED","2","1516107565820","2018-01-16 13:59:25","1516107585384","2018-01-16 13:59:45","user via lru"
"23","Elegnamnden.se","IN","http://elegnamnden.se http://www.elegnamnden.se https://elegnamnden.se https://www.elegnamnden.se","s:https|h:se|h:elegnamnden| s:https|h:se|h:elegnamnden|h:www| s:http|h:se|h:elegnamnden| s:http|h:se|h:elegnamnden|h:www|","https://elegnamnden.se","true","FINISHED","FINISHED","1","1516107565839","2018-01-16 13:59:25","1516107585463","2018-01-16 13:59:45","user via lru"
"22","Ekobrottsmyndigheten.se","IN","http://ekobrottsmyndigheten.se http://www.ekobrottsmyndigheten.se https://ekobrottsmyndigheten.se https://www.ekobrottsmyndigheten.se","s:https|h:se|h:ekobrottsmyndigheten| s:https|h:se|h:ekobrottsmyndigheten|h:www| s:http|h:se|h:ekobrottsmyndigheten| s:http|h:se|h:ekobrottsmyndigheten|h:www|","https://www.ekobrottsmyndigheten.se","true","FINISHED","FINISHED","3","1516107565835","2018-01-16 13:59:25","1516107585684","2018-01-16 13:59:45","user via lru"
"24","Elsakerhetsverket.se","IN","http://elsakerhetsverket.se http://www.elsakerhetsverket.se https://elsakerhetsverket.se https://www.elsakerhetsverket.se","s:https|h:se|h:elsakerhetsverket| s:https|h:se|h:elsakerhetsverket|h:www| s:http|h:se|h:elsakerhetsverket| s:http|h:se|h:elsakerhetsverket|h:www|","https://www.elsakerhetsverket.se","true","FINISHED","FINISHED","3","1516107565850","2018-01-16 13:59:25","1516107585534","2018-01-16 13:59:45","user via lru"
"25","Energimarknadsinspektionen.se","IN","http://energimarknadsinspektionen.se http://www.energimarknadsinspektionen.se https://energimarknadsinspektionen.se https://www.energimarknadsinspektionen.se","s:https|h:se|h:energimarknadsinspektionen| s:https|h:se|h:energimarknadsinspektionen|h:www| s:http|h:se|h:energimarknadsinspektionen| s:http|h:se|h:energimarknadsinspektionen|h:www|","http://www.energimarknadsinspektionen.se","true","FINISHED","FINISHED","3","1516107565879","2018-01-16 13:59:25","1516107585650","2018-01-16 13:59:45","user via lru"
"26","Energimyndigheten.se","IN","http://energimyndigheten.se http://www.energimyndigheten.se https://energimyndigheten.se https://www.energimyndigheten.se","s:https|h:se|h:energimyndigheten| s:https|h:se|h:energimyndigheten|h:www| s:http|h:se|h:energimyndigheten| s:http|h:se|h:energimyndigheten|h:www|","http://www.energimyndigheten.se","true","FINISHED","FINISHED","6","1516107565882","2018-01-16 13:59:25","1516107585805","2018-01-16 13:59:45","user via lru"
"28","Esf.se","IN","http://esf.se http://www.esf.se https://esf.se https://www.esf.se","s:https|h:se|h:esf| s:https|h:se|h:esf|h:www| s:http|h:se|h:esf| s:http|h:se|h:esf|h:www|","https://ansokan.esf.se","true","FINISHED","FINISHED","1","1516107565899","2018-01-16 13:59:25","1516107588555","2018-01-16 13:59:48","user via lru"
"29","Esv.se","IN","http://esv.se http://www.esv.se https://esv.se https://www.esv.se","s:https|h:se|h:esv| s:https|h:se|h:esv|h:www| s:http|h:se|h:esv| s:http|h:se|h:esv|h:www|","http://sromyndigheter.esv.se","true","FINISHED","FINISHED","10","1516107565908","2018-01-16 13:59:25","1516107591221","2018-01-16 13:59:51","user via lru"
"30","Fba.se","IN","http://fba.se http://www.fba.se https://fba.se https://www.fba.se","s:https|h:se|h:fba| s:https|h:se|h:fba|h:www| s:http|h:se|h:fba| s:http|h:se|h:fba|h:www|","https://fba.se","true","FINISHED","FINISHED","1","1516107565911","2018-01-16 13:59:25","1516107591257","2018-01-16 13:59:51","user via lru"
"31","Fhs.se","IN","http://fhs.se http://www.fhs.se https://fhs.se https://www.fhs.se","s:https|h:se|h:fhs| s:https|h:se|h:fhs|h:www| s:http|h:se|h:fhs| s:http|h:se|h:fhs|h:www|","http://www.fhs.se/sv/","true","FINISHED","FINISHED","2","1516107565915","2018-01-16 13:59:25","1516107591348","2018-01-16 13:59:51","user via lru"
"32","Fi.se","IN","http://fi.se http://www.fi.se https://fi.se https://www.fi.se","s:https|h:se|h:fi| s:https|h:se|h:fi|h:www| s:http|h:se|h:fi| s:http|h:se|h:fi|h:www|","http://fi.se/sv/","true","FINISHED","FINISHED","2","1516107565923","2018-01-16 13:59:25","1516107594211","2018-01-16 13:59:54","user via lru"
"35","Fmv.se","IN","http://fmv.se http://www.fmv.se https://fmv.se https://www.fmv.se","s:https|h:se|h:fmv| s:https|h:se|h:fmv|h:www| s:http|h:se|h:fmv| s:http|h:se|h:fmv|h:www|","http://fmv.se/sv/","true","FINISHED","FINISHED","2","1516107565945","2018-01-16 13:59:25","1516107594330","2018-01-16 13:59:54","user via lru"
"34","Fmi.se","IN","http://fmi.se http://www.fmi.se https://fmi.se https://www.fmi.se","s:https|h:se|h:fmi| s:https|h:se|h:fmi|h:www| s:http|h:se|h:fmi| s:http|h:se|h:fmi|h:www|","http://www.fmi.se","true","FINISHED","FINISHED","1","1516107565934","2018-01-16 13:59:25","1516107594218","2018-01-16 13:59:54","user via lru"
"33","Finanspolitiskaradet.se","IN","http://finanspolitiskaradet.se http://www.finanspolitiskaradet.se https://finanspolitiskaradet.se https://www.finanspolitiskaradet.se","s:https|h:se|h:finanspolitiskaradet| s:https|h:se|h:finanspolitiskaradet|h:www| s:http|h:se|h:finanspolitiskaradet| s:http|h:se|h:finanspolitiskaradet|h:www|","http://www.finanspolitiskaradet.se","true","FINISHED","FINISHED","1","1516107565927","2018-01-16 13:59:25","1516107591510","2018-01-16 13:59:51","user via lru"
"36","Foi.se","IN","http://foi.se http://www.foi.se https://foi.se https://www.foi.se","s:https|h:se|h:foi| s:https|h:se|h:foi|h:www| s:http|h:se|h:foi| s:http|h:se|h:foi|h:www|","https://www.foi.se/om-webbplatsen/om-kakor-cookies.html","true","FINISHED","FINISHED","3","1516107565950","2018-01-16 13:59:25","1516107594677","2018-01-16 13:59:54","user via lru"
"38","Formas.se","IN","http://formas.se http://www.formas.se https://formas.se https://www.formas.se","s:https|h:se|h:formas| s:https|h:se|h:formas|h:www| s:http|h:se|h:formas| s:http|h:se|h:formas|h:www|","http://proj.formas.se","true","FINISHED","FINISHED","3","1516107565986","2018-01-16 13:59:25","1516107597211","2018-01-16 13:59:57","user via lru"
"37","Folkhalsomyndigheten.se","IN","http://folkhalsomyndigheten.se http://www.folkhalsomyndigheten.se https://folkhalsomyndigheten.se https://www.folkhalsomyndigheten.se","s:https|h:se|h:folkhalsomyndigheten| s:https|h:se|h:folkhalsomyndigheten|h:www| s:http|h:se|h:folkhalsomyndigheten| s:http|h:se|h:folkhalsomyndigheten|h:www|","https://www.folkhalsomyndigheten.se","true","FINISHED","FINISHED","6","1516107565964","2018-01-16 13:59:25","1516107594684","2018-01-16 13:59:54","user via lru"
"42","Forte.se","IN","http://forte.se http://www.forte.se https://forte.se https://www.forte.se","s:https|h:se|h:forte| s:https|h:se|h:forte|h:www| s:http|h:se|h:forte| s:http|h:se|h:forte|h:www|","https://forte.se","true","FINISHED","FINISHED","2","1516107566016","2018-01-16 13:59:26","1516107599463","2018-01-16 13:59:59","user via lru"
"41","Forsvarsmakten.se","IN","http://forsvarsmakten.se http://www.forsvarsmakten.se https://forsvarsmakten.se https://www.forsvarsmakten.se","s:https|h:se|h:forsvarsmakten| s:https|h:se|h:forsvarsmakten|h:www| s:http|h:se|h:forsvarsmakten| s:http|h:se|h:forsvarsmakten|h:www|","https://www.forsvarsmakten.se","true","FINISHED","FINISHED","6","1516107566012","2018-01-16 13:59:26","1516107597854","2018-01-16 13:59:57","user via lru"
"39","Forsakringskassan.se","IN","http://forsakringskassan.se http://www.forsakringskassan.se https://forsakringskassan.se https://www.forsakringskassan.se","s:https|h:se|h:forsakringskassan| s:https|h:se|h:forsakringskassan|h:www| s:http|h:se|h:forsakringskassan| s:http|h:se|h:forsakringskassan|h:www|","https://www.forsakringskassan.se/wps/portal/omwp/cookies","true","FINISHED","FINISHED","7","1516107566000","2018-01-16 13:59:26","1516107597557","2018-01-16 13:59:57","user via lru"
"40","Forskarskattenamnden.se","IN","http://forskarskattenamnden.se http://www.forskarskattenamnden.se https://forskarskattenamnden.se https://www.forskarskattenamnden.se","s:https|h:se|h:forskarskattenamnden| s:https|h:se|h:forskarskattenamnden|h:www| s:http|h:se|h:forskarskattenamnden| s:http|h:se|h:forskarskattenamnden|h:www|","https://forskarskattenamnden.se","true","FINISHED","FINISHED","0","1516107566005","2018-01-16 13:59:26","1516107597563","2018-01-16 13:59:57","user via lru"
"43","Fortv.se","IN","http://fortv.se http://www.fortv.se https://fortv.se https://www.fortv.se","s:https|h:se|h:fortv| s:https|h:se|h:fortv|h:www| s:http|h:se|h:fortv| s:http|h:se|h:fortv|h:www|","https://felanmalan.fortv.se","true","FINISHED","FINISHED","2","1516107566020","2018-01-16 13:59:26","1516107599470","2018-01-16 13:59:59","user via lru"
"44","Fra.se","IN","http://fra.se http://www.fra.se https://fra.se https://www.fra.se","s:https|h:se|h:fra| s:https|h:se|h:fra|h:www| s:http|h:se|h:fra| s:http|h:se|h:fra|h:www|","http://fra.se/verksamhet/informationssakerhet.13.html","true","FINISHED","FINISHED","1","1516107566030","2018-01-16 13:59:26","1516107600344","2018-01-16 14:00:00","user via lru"
"45","Genteknik.se","IN","http://genteknik.se http://www.genteknik.se https://genteknik.se https://www.genteknik.se","s:https|h:se|h:genteknik| s:https|h:se|h:genteknik|h:www| s:http|h:se|h:genteknik| s:http|h:se|h:genteknik|h:www|","https://www.genteknik.se/rapporter/genteknikens-utveckling/","true","FINISHED","FINISHED","1","1516107566037","2018-01-16 13:59:26","1516107600981","2018-01-16 14:00:00","user via lru"
"46","Gih.se","IN","http://gih.se http://www.gih.se https://gih.se https://www.gih.se","s:https|h:se|h:gih| s:https|h:se|h:gih|h:www| s:http|h:se|h:gih| s:http|h:se|h:gih|h:www|","https://mail.gih.se/owa/","true","FINISHED","FINISHED","1","1516107566041","2018-01-16 13:59:26","1516107600983","2018-01-16 14:00:00","user via lru"
"47","Gu.se","IN","http://gu.se http://www.gu.se https://gu.se https://www.gu.se","s:https|h:se|h:gu| s:https|h:se|h:gu|h:www| s:http|h:se|h:gu| s:http|h:se|h:gu|h:www|","http://www.ub.gu.se/%3C-en%2Csv%3E/","true","FINISHED","FINISHED","6","1516107566052","2018-01-16 13:59:26","1516107603245","2018-01-16 14:00:03","user via lru"
"48","Han.se","IN","http://han.se http://www.han.se https://han.se https://www.han.se","s:https|h:se|h:han| s:https|h:se|h:han|h:www| s:http|h:se|h:han| s:http|h:se|h:han|h:www|","https://www.han.se","true","FINISHED","FINISHED","0","1516107566063","2018-01-16 13:59:26","1516107603584","2018-01-16 14:00:03","user via lru"
"49","Harpsund.se","IN","http://harpsund.se http://www.harpsund.se https://harpsund.se https://www.harpsund.se","s:https|h:se|h:harpsund| s:https|h:se|h:harpsund|h:www| s:http|h:se|h:harpsund| s:http|h:se|h:harpsund|h:www|","http://www.harpsund.se","true","FINISHED","FINISHED","0","1516107566074","2018-01-16 13:59:26","1516107603694","2018-01-16 14:00:03","user via lru"
"50","Havkom.se","IN","http://havkom.se http://www.havkom.se https://havkom.se https://www.havkom.se","s:https|h:se|h:havkom| s:https|h:se|h:havkom|h:www| s:http|h:se|h:havkom| s:http|h:se|h:havkom|h:www|","https://www.havkom.se","true","FINISHED","FINISHED","2","1516107566091","2018-01-16 13:59:26","1516107603729","2018-01-16 14:00:03","user via lru"
"51","Havochvatten.se","IN","http://havochvatten.se http://www.havochvatten.se https://havochvatten.se https://www.havochvatten.se","s:https|h:se|h:havochvatten| s:https|h:se|h:havochvatten|h:www| s:http|h:se|h:havochvatten| s:http|h:se|h:havochvatten|h:www|","https://www.havochvatten.se","true","FINISHED","FINISHED","4","1516107566102","2018-01-16 13:59:26","1516107606445","2018-01-16 14:00:06","user via lru"
"52","Hb.se","IN","http://hb.se http://www.hb.se https://hb.se https://www.hb.se","s:https|h:se|h:hb| s:https|h:se|h:hb|h:www| s:http|h:se|h:hb| s:http|h:se|h:hb|h:www|","http://www.hb.se","true","FINISHED","FINISHED","2","1516107566108","2018-01-16 13:59:26","1516107606457","2018-01-16 14:00:06","user via lru"
"53","Hh.se","IN","http://hh.se http://www.hh.se https://hh.se https://www.hh.se","s:https|h:se|h:hh| s:https|h:se|h:hh|h:www| s:http|h:se|h:hh| s:http|h:se|h:hh|h:www|","http://www.hh.se","true","FINISHED","FINISHED","2","1516107566116","2018-01-16 13:59:26","1516107606569","2018-01-16 14:00:06","user via lru"
"54","Hig.se","IN","http://hig.se http://www.hig.se https://hig.se https://www.hig.se","s:https|h:se|h:hig| s:https|h:se|h:hig|h:www| s:http|h:se|h:hig| s:http|h:se|h:hig|h:www|","https://www.hig.se/intranet/","true","FINISHED","FINISHED","3","1516107566123","2018-01-16 13:59:26","1516107607237","2018-01-16 14:00:07","user via lru"
"55","His.se","IN","http://his.se http://www.his.se https://his.se https://www.his.se","s:https|h:se|h:his| s:https|h:se|h:his|h:www| s:http|h:se|h:his| s:http|h:se|h:his|h:www|","https://studentportalen.his.se","true","FINISHED","FINISHED","1","1516107566131","2018-01-16 13:59:26","1516107607243","2018-01-16 14:00:07","user via lru"
"56","Hkr.se","IN","http://hkr.se http://www.hkr.se https://hkr.se https://www.hkr.se","s:https|h:se|h:hkr| s:https|h:se|h:hkr|h:www| s:http|h:se|h:hkr| s:http|h:se|h:hkr|h:www|","http://www.hkr.se","false","UNCRAWLED","UNINDEXED","1","1516107566133","2018-01-16 13:59:26","1516107566139","2018-01-16 13:59:26","user via lru"
"57","Hsan.se","IN","http://hsan.se http://www.hsan.se https://hsan.se https://www.hsan.se","s:https|h:se|h:hsan| s:https|h:se|h:hsan|h:www| s:http|h:se|h:hsan| s:http|h:se|h:hsan|h:www|","http://www.hsan.se","false","UNCRAWLED","UNINDEXED","0","1516107566147","2018-01-16 13:59:26","1516107566153","2018-01-16 13:59:26","user via lru"
"58","Hv.se","IN","http://hv.se http://www.hv.se https://hv.se https://www.hv.se","s:https|h:se|h:hv| s:https|h:se|h:hv|h:www| s:http|h:se|h:hv| s:http|h:se|h:hv|h:www|","http://www.hv.se","false","UNCRAWLED","UNINDEXED","1","1516107566151","2018-01-16 13:59:26","1516107566156","2018-01-16 13:59:26","user via lru"
"59","Iaf.se","IN","http://iaf.se http://www.iaf.se https://iaf.se https://www.iaf.se","s:https|h:se|h:iaf| s:https|h:se|h:iaf|h:www| s:http|h:se|h:iaf| s:http|h:se|h:iaf|h:www|","http://www.iaf.se","false","UNCRAWLED","UNINDEXED","1","1516107566161","2018-01-16 13:59:26","1516107566168","2018-01-16 13:59:26","user via lru"
"60","Ifau.se","IN","http://ifau.se http://www.ifau.se https://ifau.se https://www.ifau.se","s:https|h:se|h:ifau| s:https|h:se|h:ifau|h:www| s:http|h:se|h:ifau| s:http|h:se|h:ifau|h:www|","http://www.ifau.se","false","UNCRAWLED","UNINDEXED","2","1516107566166","2018-01-16 13:59:26","1516107566170","2018-01-16 13:59:26","user via lru"
"61","Inspsf.se","IN","http://inspsf.se http://www.inspsf.se https://inspsf.se https://www.inspsf.se","s:https|h:se|h:inspsf| s:https|h:se|h:inspsf|h:www| s:http|h:se|h:inspsf| s:http|h:se|h:inspsf|h:www|","http://www.inspsf.se","false","UNCRAWLED","UNINDEXED","2","1516107566211","2018-01-16 13:59:26","1516107566214","2018-01-16 13:59:26","user via lru"
"62","Irf.se","IN","http://irf.se http://www.irf.se https://irf.se https://www.irf.se","s:https|h:se|h:irf| s:https|h:se|h:irf|h:www| s:http|h:se|h:irf| s:http|h:se|h:irf|h:www|","http://www.irf.se","false","UNCRAWLED","UNINDEXED","1","1516107566222","2018-01-16 13:59:26","1516107566229","2018-01-16 13:59:26","user via lru"
"63","Isp.se","IN","http://isp.se http://www.isp.se https://isp.se https://www.isp.se","s:https|h:se|h:isp| s:https|h:se|h:isp|h:www| s:http|h:se|h:isp| s:http|h:se|h:isp|h:www|","http://www.isp.se","false","UNCRAWLED","UNINDEXED","2","1516107566228","2018-01-16 13:59:26","1516107566241","2018-01-16 13:59:26","user via lru"
"64","Ivo.se","IN","http://ivo.se http://www.ivo.se https://ivo.se https://www.ivo.se","s:https|h:se|h:ivo| s:https|h:se|h:ivo|h:www| s:http|h:se|h:ivo| s:http|h:se|h:ivo|h:www|","http://www.ivo.se","false","UNCRAWLED","UNINDEXED","7","1516107566233","2018-01-16 13:59:26","1516107566255","2018-01-16 13:59:26","user via lru"
"65","Jk.se","IN","http://jk.se http://www.jk.se https://jk.se https://www.jk.se","s:https|h:se|h:jk| s:https|h:se|h:jk|h:www| s:http|h:se|h:jk| s:http|h:se|h:jk|h:www|","http://www.jk.se","false","UNCRAWLED","UNINDEXED","4","1516107566236","2018-01-16 13:59:26","1516107566257","2018-01-16 13:59:26","user via lru"
"66","Jordbruksverket.se","IN","http://jordbruksverket.se http://www.jordbruksverket.se https://jordbruksverket.se https://www.jordbruksverket.se","s:https|h:se|h:jordbruksverket| s:https|h:se|h:jordbruksverket|h:www| s:http|h:se|h:jordbruksverket| s:http|h:se|h:jordbruksverket|h:www|","http://www.jordbruksverket.se","false","UNCRAWLED","UNINDEXED","6","1516107566245","2018-01-16 13:59:26","1516107566264","2018-01-16 13:59:26","user via lru"
"67","Kammarkollegiet.se","IN","http://kammarkollegiet.se http://www.kammarkollegiet.se https://kammarkollegiet.se https://www.kammarkollegiet.se","s:https|h:se|h:kammarkollegiet| s:https|h:se|h:kammarkollegiet|h:www| s:http|h:se|h:kammarkollegiet| s:http|h:se|h:kammarkollegiet|h:www|","http://www.kammarkollegiet.se","false","UNCRAWLED","UNINDEXED","6","1516107566246","2018-01-16 13:59:26","1516107566266","2018-01-16 13:59:26","user via lru"
"73","Kemi.se","IN","http://kemi.se http://www.kemi.se https://kemi.se https://www.kemi.se","s:https|h:se|h:kemi| s:https|h:se|h:kemi|h:www| s:http|h:se|h:kemi| s:http|h:se|h:kemi|h:www|","http://www.kemi.se","false","UNCRAWLED","UNINDEXED","6","1516107566320","2018-01-16 13:59:26","1516107566323","2018-01-16 13:59:26","user via lru"
"71","Kb.se","IN","http://kb.se http://www.kb.se https://kb.se https://www.kb.se","s:https|h:se|h:kb| s:https|h:se|h:kb|h:www| s:http|h:se|h:kb| s:http|h:se|h:kb|h:www|","http://libris.kb.se/form_extended.jsp?f=ext","false","UNCRAWLED","UNINDEXED","12","1516107566293","2018-01-16 13:59:26","1516107566303","2018-01-16 13:59:26","user via lru"
"70","Kau.se","IN","http://kau.se http://www.kau.se https://kau.se https://www.kau.se","s:https|h:se|h:kau| s:https|h:se|h:kau|h:www| s:http|h:se|h:kau| s:http|h:se|h:kau|h:www|","http://www.kau.se","false","UNCRAWLED","UNINDEXED","1","1516107566263","2018-01-16 13:59:26","1516107566283","2018-01-16 13:59:26","user via lru"
"68","Kammarrattenisundsvall.se","IN","http://kammarrattenisundsvall.se http://www.kammarrattenisundsvall.se https://kammarrattenisundsvall.se https://www.kammarrattenisundsvall.se","s:https|h:se|h:kammarrattenisundsvall| s:https|h:se|h:kammarrattenisundsvall|h:www| s:http|h:se|h:kammarrattenisundsvall| s:http|h:se|h:kammarrattenisundsvall|h:www|","http://www.kammarrattenisundsvall.se","false","UNCRAWLED","UNINDEXED","0","1516107566249","2018-01-16 13:59:26","1516107566271","2018-01-16 13:59:26","user via lru"
"69","Karnavfallsfonden.se","IN","http://karnavfallsfonden.se http://www.karnavfallsfonden.se https://karnavfallsfonden.se https://www.karnavfallsfonden.se","s:https|h:se|h:karnavfallsfonden| s:https|h:se|h:karnavfallsfonden|h:www| s:http|h:se|h:karnavfallsfonden| s:http|h:se|h:karnavfallsfonden|h:www|","http://www.karnavfallsfonden.se","false","UNCRAWLED","UNINDEXED","0","1516107566260","2018-01-16 13:59:26","1516107566278","2018-01-16 13:59:26","user via lru"
"72","Kavlinge.se","IN","http://kavlinge.se http://www.kavlinge.se https://kavlinge.se https://www.kavlinge.se","s:https|h:se|h:kavlinge| s:https|h:se|h:kavlinge|h:www| s:http|h:se|h:kavlinge| s:http|h:se|h:kavlinge|h:www|","http://www.kavlinge.se","false","UNCRAWLED","UNINDEXED","0","1516107566302","2018-01-16 13:59:26","1516107566308","2018-01-16 13:59:26","user via lru"
"74","Ki.se","IN","http://ki.se http://www.ki.se https://ki.se https://www.ki.se","s:https|h:se|h:ki| s:https|h:se|h:ki|h:www| s:http|h:se|h:ki| s:http|h:se|h:ki|h:www|","http://www.ki.se","false","UNCRAWLED","UNINDEXED","5","1516107566332","2018-01-16 13:59:26","1516107566338","2018-01-16 13:59:26","user via lru"
"75","Kkh.se","IN","http://kkh.se http://www.kkh.se https://kkh.se https://www.kkh.se","s:https|h:se|h:kkh| s:https|h:se|h:kkh|h:www| s:http|h:se|h:kkh| s:http|h:se|h:kkh|h:www|","http://www.kkh.se","false","UNCRAWLED","UNINDEXED","1","1516107566336","2018-01-16 13:59:26","1516107566340","2018-01-16 13:59:26","user via lru"
"76","Kmh.se","IN","http://kmh.se http://www.kmh.se https://kmh.se https://www.kmh.se","s:https|h:se|h:kmh| s:https|h:se|h:kmh|h:www| s:http|h:se|h:kmh| s:http|h:se|h:kmh|h:www|","http://www.kmh.se","false","UNCRAWLED","UNINDEXED","1","1516107566349","2018-01-16 13:59:26","1516107566357","2018-01-16 13:59:26","user via lru"
"77","Kommers.se","IN","http://kommers.se http://www.kommers.se https://kommers.se https://www.kommers.se","s:https|h:se|h:kommers| s:https|h:se|h:kommers|h:www| s:http|h:se|h:kommers| s:http|h:se|h:kommers|h:www|","http://www.kommers.se","false","UNCRAWLED","UNINDEXED","3","1516107566355","2018-01-16 13:59:26","1516107566361","2018-01-16 13:59:26","user via lru"
"78","Konj.se","IN","http://konj.se http://www.konj.se https://konj.se https://www.konj.se","s:https|h:se|h:konj| s:https|h:se|h:konj|h:www| s:http|h:se|h:konj| s:http|h:se|h:konj|h:www|","http://www.konj.se","false","UNCRAWLED","UNINDEXED","2","1516107566365","2018-01-16 13:59:26","1516107566372","2018-01-16 13:59:26","user via lru"
"79","Konkurrensverket.se","IN","http://konkurrensverket.se http://www.konkurrensverket.se https://konkurrensverket.se https://www.konkurrensverket.se","s:https|h:se|h:konkurrensverket| s:https|h:se|h:konkurrensverket|h:www| s:http|h:se|h:konkurrensverket| s:http|h:se|h:konkurrensverket|h:www|","http://www.konkurrensverket.se","false","UNCRAWLED","UNINDEXED","1","1516107566376","2018-01-16 13:59:26","1516107566384","2018-01-16 13:59:26","user via lru"
"80","Konstfack.se","IN","http://konstfack.se http://www.konstfack.se https://konstfack.se https://www.konstfack.se","s:https|h:se|h:konstfack| s:https|h:se|h:konstfack|h:www| s:http|h:se|h:konstfack| s:http|h:se|h:konstfack|h:www|","http://www.konstfack.se","false","UNCRAWLED","UNINDEXED","1","1516107566379","2018-01-16 13:59:26","1516107566389","2018-01-16 13:59:26","user via lru"
"81","Konstnarsnamnden.se","IN","http://konstnarsnamnden.se http://www.konstnarsnamnden.se https://konstnarsnamnden.se https://www.konstnarsnamnden.se","s:https|h:se|h:konstnarsnamnden| s:https|h:se|h:konstnarsnamnden|h:www| s:http|h:se|h:konstnarsnamnden| s:http|h:se|h:konstnarsnamnden|h:www|","http://www.konstnarsnamnden.se","false","UNCRAWLED","UNINDEXED","1","1516107566382","2018-01-16 13:59:26","1516107566391","2018-01-16 13:59:26","user via lru"
"82","Konsumentverket.se","IN","http://konsumentverket.se http://www.konsumentverket.se https://konsumentverket.se https://www.konsumentverket.se","s:https|h:se|h:konsumentverket| s:https|h:se|h:konsumentverket|h:www| s:http|h:se|h:konsumentverket| s:http|h:se|h:konsumentverket|h:www|","http://www.konsumentverket.se","false","UNCRAWLED","UNINDEXED","9","1516107566396","2018-01-16 13:59:26","1516107566409","2018-01-16 13:59:26","user via lru"
"83","Kriminalvarden.se","IN","http://kriminalvarden.se http://www.kriminalvarden.se https://kriminalvarden.se https://www.kriminalvarden.se","s:https|h:se|h:kriminalvarden| s:https|h:se|h:kriminalvarden|h:www| s:http|h:se|h:kriminalvarden| s:http|h:se|h:kriminalvarden|h:www|","http://www.kriminalvarden.se","false","UNCRAWLED","UNINDEXED","3","1516107566405","2018-01-16 13:59:26","1516107566418","2018-01-16 13:59:26","user via lru"
"84","Kronofogden.se","IN","http://kronofogden.se http://www.kronofogden.se https://kronofogden.se https://www.kronofogden.se","s:https|h:se|h:kronofogden| s:https|h:se|h:kronofogden|h:www| s:http|h:se|h:kronofogden| s:http|h:se|h:kronofogden|h:www|","http://www.kronofogden.se","false","UNCRAWLED","UNINDEXED","5","1516107566413","2018-01-16 13:59:26","1516107566426","2018-01-16 13:59:26","user via lru"
"85","Kth.se","IN","http://kth.se http://www.kth.se https://kth.se https://www.kth.se","s:https|h:se|h:kth| s:https|h:se|h:kth|h:www| s:http|h:se|h:kth| s:http|h:se|h:kth|h:www|","http://www.kth.se","false","UNCRAWLED","UNINDEXED","4","1516107566416","2018-01-16 13:59:26","1516107566429","2018-01-16 13:59:26","user via lru"
"86","Kulturanalys.se","IN","http://kulturanalys.se http://www.kulturanalys.se https://kulturanalys.se https://www.kulturanalys.se","s:https|h:se|h:kulturanalys| s:https|h:se|h:kulturanalys|h:www| s:http|h:se|h:kulturanalys| s:http|h:se|h:kulturanalys|h:www|","http://www.kulturanalys.se","false","UNCRAWLED","UNINDEXED","1","1516107566435","2018-01-16 13:59:26","1516107566448","2018-01-16 13:59:26","user via lru"
"87","Kulturradet.se","IN","http://kulturradet.se http://www.kulturradet.se https://kulturradet.se https://www.kulturradet.se","s:https|h:se|h:kulturradet| s:https|h:se|h:kulturradet|h:www| s:http|h:se|h:kulturradet| s:http|h:se|h:kulturradet|h:www|","http://www.kulturradet.se","false","UNCRAWLED","UNINDEXED","4","1516107566438","2018-01-16 13:59:26","1516107566450","2018-01-16 13:59:26","user via lru"
"88","Kustbevakningen.se","IN","http://kustbevakningen.se http://www.kustbevakningen.se https://kustbevakningen.se https://www.kustbevakningen.se","s:https|h:se|h:kustbevakningen| s:https|h:se|h:kustbevakningen|h:www| s:http|h:se|h:kustbevakningen| s:http|h:se|h:kustbevakningen|h:www|","http://www.kustbevakningen.se","false","UNCRAWLED","UNINDEXED","3","1516107566453","2018-01-16 13:59:26","1516107566459","2018-01-16 13:59:26","user via lru"
"89","Lagradet.se","IN","http://lagradet.se http://www.lagradet.se https://lagradet.se https://www.lagradet.se","s:https|h:se|h:lagradet| s:https|h:se|h:lagradet|h:www| s:http|h:se|h:lagradet| s:http|h:se|h:lagradet|h:www|","http://www.lagradet.se","false","UNCRAWLED","UNINDEXED","0","1516107566499","2018-01-16 13:59:26","1516107566516","2018-01-16 13:59:26","user via lru"
"90","Lakemedelsverket.se","IN","http://lakemedelsverket.se http://www.lakemedelsverket.se https://lakemedelsverket.se https://www.lakemedelsverket.se","s:https|h:se|h:lakemedelsverket| s:https|h:se|h:lakemedelsverket|h:www| s:http|h:se|h:lakemedelsverket| s:http|h:se|h:lakemedelsverket|h:www|","https://lakemedelsverket.se","false","UNCRAWLED","UNINDEXED","5","1516107566503","2018-01-16 13:59:26","1516107566519","2018-01-16 13:59:26","user via lru"
"91","Lansstyrelsen.se","IN","http://lansstyrelsen.se http://www.lansstyrelsen.se https://lansstyrelsen.se https://www.lansstyrelsen.se","s:https|h:se|h:lansstyrelsen| s:https|h:se|h:lansstyrelsen|h:www| s:http|h:se|h:lansstyrelsen| s:http|h:se|h:lansstyrelsen|h:www|","http://www.lansstyrelsen.se/vastragotaland","false","UNCRAWLED","UNINDEXED","6","1516107566507","2018-01-16 13:59:26","1516107566520","2018-01-16 13:59:26","user via lru"
"92","Lantmateriet.se","IN","http://lantmateriet.se http://www.lantmateriet.se https://lantmateriet.se https://www.lantmateriet.se","s:https|h:se|h:lantmateriet| s:https|h:se|h:lantmateriet|h:www| s:http|h:se|h:lantmateriet| s:http|h:se|h:lantmateriet|h:www|","https://www.lantmateriet.se","false","UNCRAWLED","UNINDEXED","3","1516107566510","2018-01-16 13:59:26","1516107566526","2018-01-16 13:59:26","user via lru"
"93","Levandehistoria.se","IN","http://levandehistoria.se http://www.levandehistoria.se https://levandehistoria.se https://www.levandehistoria.se","s:https|h:se|h:levandehistoria| s:https|h:se|h:levandehistoria|h:www| s:http|h:se|h:levandehistoria| s:http|h:se|h:levandehistoria|h:www|","http://www.levandehistoria.se","false","UNCRAWLED","UNINDEXED","1","1516107566515","2018-01-16 13:59:26","1516107566531","2018-01-16 13:59:26","user via lru"
"99","Ltu.se","IN","http://ltu.se http://www.ltu.se https://ltu.se https://www.ltu.se","s:https|h:se|h:ltu| s:https|h:se|h:ltu|h:www| s:http|h:se|h:ltu| s:http|h:se|h:ltu|h:www|","http://www.ltu.se","false","UNCRAWLED","UNINDEXED","2","1516107566585","2018-01-16 13:59:26","1516107566596","2018-01-16 13:59:26","user via lru"
"95","Liu.se","IN","http://liu.se http://www.liu.se https://liu.se https://www.liu.se","s:https|h:se|h:liu| s:https|h:se|h:liu|h:www| s:http|h:se|h:liu| s:http|h:se|h:liu|h:www|","http://www.liu.se","false","UNCRAWLED","UNINDEXED","3","1516107566529","2018-01-16 13:59:26","1516107566557","2018-01-16 13:59:26","user via lru"
"96","Livsmedelsverket.se","IN","http://livsmedelsverket.se http://www.livsmedelsverket.se https://livsmedelsverket.se https://www.livsmedelsverket.se","s:https|h:se|h:livsmedelsverket| s:https|h:se|h:livsmedelsverket|h:www| s:http|h:se|h:livsmedelsverket| s:http|h:se|h:livsmedelsverket|h:www|","https://www.livsmedelsverket.se/om-oss/jobba-hos-oss1/lediga-jobb","false","UNCRAWLED","UNINDEXED","3","1516107566535","2018-01-16 13:59:26","1516107566563","2018-01-16 13:59:26","user via lru"
"94","Linneuniversitetet.se","IN","http://linneuniversitetet.se http://www.linneuniversitetet.se https://linneuniversitetet.se https://www.linneuniversitetet.se","s:https|h:se|h:linneuniversitetet| s:https|h:se|h:linneuniversitetet|h:www| s:http|h:se|h:linneuniversitetet| s:http|h:se|h:linneuniversitetet|h:www|","http://www.linneuniversitetet.se","false","UNCRAWLED","UNINDEXED","0","1516107566524","2018-01-16 13:59:26","1516107566544","2018-01-16 13:59:26","user via lru"
"98","Lsh.se","IN","http://lsh.se http://www.lsh.se https://lsh.se https://www.lsh.se","s:https|h:se|h:lsh| s:https|h:se|h:lsh|h:www| s:http|h:se|h:lsh| s:http|h:se|h:lsh|h:www|","http://www.lsh.se","false","UNCRAWLED","UNINDEXED","0","1516107566570","2018-01-16 13:59:26","1516107566586","2018-01-16 13:59:26","user via lru"
"97","Lotteriinspektionen.se","IN","http://lotteriinspektionen.se http://www.lotteriinspektionen.se https://lotteriinspektionen.se https://www.lotteriinspektionen.se","s:https|h:se|h:lotteriinspektionen| s:https|h:se|h:lotteriinspektionen|h:www| s:http|h:se|h:lotteriinspektionen| s:http|h:se|h:lotteriinspektionen|h:www|","http://www.lotteriinspektionen.se","false","UNCRAWLED","UNINDEXED","1","1516107566556","2018-01-16 13:59:26","1516107566575","2018-01-16 13:59:26","user via lru"
"100","Lu.se","IN","http://lu.se http://www.lu.se https://lu.se https://www.lu.se","s:https|h:se|h:lu| s:https|h:se|h:lu|h:www| s:http|h:se|h:lu| s:http|h:se|h:lu|h:www|","http://www.lu.se","false","UNCRAWLED","UNINDEXED","3","1516107566593","2018-01-16 13:59:26","1516107566603","2018-01-16 13:59:26","user via lru"
"101","Mah.se","IN","http://mah.se http://www.mah.se https://mah.se https://www.mah.se","s:https|h:se|h:mah| s:https|h:se|h:mah|h:www| s:http|h:se|h:mah| s:http|h:se|h:mah|h:www|","http://www.mah.se","false","UNCRAWLED","UNINDEXED","1","1516107566609","2018-01-16 13:59:26","1516107566618","2018-01-16 13:59:26","user via lru"
"102","Maritima.se","IN","http://maritima.se http://www.maritima.se https://maritima.se https://www.maritima.se","s:https|h:se|h:maritima| s:https|h:se|h:maritima|h:www| s:http|h:se|h:maritima| s:http|h:se|h:maritima|h:www|","http://www.maritima.se","false","UNCRAWLED","UNINDEXED","1","1516107566623","2018-01-16 13:59:26","1516107566633","2018-01-16 13:59:26","user via lru"
"103","Mdh.se","IN","http://mdh.se http://www.mdh.se https://mdh.se https://www.mdh.se","s:https|h:se|h:mdh| s:https|h:se|h:mdh|h:www| s:http|h:se|h:mdh| s:http|h:se|h:mdh|h:www|","http://www.mdh.se","false","UNCRAWLED","UNINDEXED","1","1516107566627","2018-01-16 13:59:26","1516107566635","2018-01-16 13:59:26","user via lru"
"104","Mfd.se","IN","http://mfd.se http://www.mfd.se https://mfd.se https://www.mfd.se","s:https|h:se|h:mfd| s:https|h:se|h:mfd|h:www| s:http|h:se|h:mfd| s:http|h:se|h:mfd|h:www|","http://www.mfd.se","false","UNCRAWLED","UNINDEXED","5","1516107566639","2018-01-16 13:59:26","1516107566648","2018-01-16 13:59:26","user via lru"
"105","Mfof.se","IN","http://mfof.se http://www.mfof.se https://mfof.se https://www.mfof.se","s:https|h:se|h:mfof| s:https|h:se|h:mfof|h:www| s:http|h:se|h:mfof| s:http|h:se|h:mfof|h:www|","http://www.mfof.se","false","UNCRAWLED","UNINDEXED","1","1516107566656","2018-01-16 13:59:26","1516107566669","2018-01-16 13:59:26","user via lru"
"106","Mi.se","IN","http://mi.se http://www.mi.se https://mi.se https://www.mi.se","s:https|h:se|h:mi| s:https|h:se|h:mi|h:www| s:http|h:se|h:mi| s:http|h:se|h:mi|h:www|","http://www.mi.se","false","UNCRAWLED","UNINDEXED","2","1516107566668","2018-01-16 13:59:26","1516107566671","2018-01-16 13:59:26","user via lru"
"107","Migrationsverket.se","IN","http://migrationsverket.se http://www.migrationsverket.se https://migrationsverket.se https://www.migrationsverket.se","s:https|h:se|h:migrationsverket| s:https|h:se|h:migrationsverket|h:www| s:http|h:se|h:migrationsverket| s:http|h:se|h:migrationsverket|h:www|","http://www.migrationsverket.se","false","UNCRAWLED","UNINDEXED","4","1516107566685","2018-01-16 13:59:26","1516107566687","2018-01-16 13:59:26","user via lru"
"108","Miun.se","IN","http://miun.se http://www.miun.se https://miun.se https://www.miun.se","s:https|h:se|h:miun| s:https|h:se|h:miun|h:www| s:http|h:se|h:miun| s:http|h:se|h:miun|h:www|","http://www.miun.se","false","UNCRAWLED","UNINDEXED","2","1516107566699","2018-01-16 13:59:26","1516107566702","2018-01-16 13:59:26","user via lru"
"109","Modernamuseet.se","IN","http://modernamuseet.se http://www.modernamuseet.se https://modernamuseet.se https://www.modernamuseet.se","s:https|h:se|h:modernamuseet| s:https|h:se|h:modernamuseet|h:www| s:http|h:se|h:modernamuseet| s:http|h:se|h:modernamuseet|h:www|","http://www.modernamuseet.se","false","UNCRAWLED","UNINDEXED","2","1516107566714","2018-01-16 13:59:26","1516107566716","2018-01-16 13:59:26","user via lru"
"110","Msb.se","IN","http://msb.se http://www.msb.se https://msb.se https://www.msb.se","s:https|h:se|h:msb| s:https|h:se|h:msb|h:www| s:http|h:se|h:msb| s:http|h:se|h:msb|h:www|","http://www.msb.se","false","UNCRAWLED","UNINDEXED","11","1516107566740","2018-01-16 13:59:26","1516107566752","2018-01-16 13:59:26","user via lru"
"111","Mtm.se","IN","http://mtm.se http://www.mtm.se https://mtm.se https://www.mtm.se","s:https|h:se|h:mtm| s:https|h:se|h:mtm|h:www| s:http|h:se|h:mtm| s:http|h:se|h:mtm|h:www|","http://www.mtm.se","false","UNCRAWLED","UNINDEXED","3","1516107566745","2018-01-16 13:59:26","1516107566758","2018-01-16 13:59:26","user via lru"
"112","Mucf.se","IN","http://mucf.se http://www.mucf.se https://mucf.se https://www.mucf.se","s:https|h:se|h:mucf| s:https|h:se|h:mucf|h:www| s:http|h:se|h:mucf| s:http|h:se|h:mucf|h:www|","http://www.mucf.se","false","UNCRAWLED","UNINDEXED","3","1516107566750","2018-01-16 13:59:26","1516107566764","2018-01-16 13:59:26","user via lru"
"113","Musikverket.se","IN","http://musikverket.se http://www.musikverket.se https://musikverket.se https://www.musikverket.se","s:https|h:se|h:musikverket| s:https|h:se|h:musikverket|h:www| s:http|h:se|h:musikverket| s:http|h:se|h:musikverket|h:www|","http://musikverket.se","false","UNCRAWLED","UNINDEXED","1","1516107566757","2018-01-16 13:59:26","1516107566779","2018-01-16 13:59:26","user via lru"
"114","Myh.se","IN","http://myh.se http://www.myh.se https://myh.se https://www.myh.se","s:https|h:se|h:myh| s:https|h:se|h:myh|h:www| s:http|h:se|h:myh| s:http|h:se|h:myh|h:www|","https://www.myh.se","false","UNCRAWLED","UNINDEXED","2","1516107566762","2018-01-16 13:59:26","1516107566784","2018-01-16 13:59:26","user via lru"
"115","Namndenmotdiskriminering.se","IN","http://namndenmotdiskriminering.se http://www.namndenmotdiskriminering.se https://namndenmotdiskriminering.se https://www.namndenmotdiskriminering.se","s:https|h:se|h:namndenmotdiskriminering| s:https|h:se|h:namndenmotdiskriminering|h:www| s:http|h:se|h:namndenmotdiskriminering| s:http|h:se|h:namndenmotdiskriminering|h:www|","http://www.namndenmotdiskriminering.se","false","UNCRAWLED","UNINDEXED","1","1516107566773","2018-01-16 13:59:26","1516107566790","2018-01-16 13:59:26","user via lru"
"116","Nationalmuseum.se","IN","http://nationalmuseum.se http://www.nationalmuseum.se https://nationalmuseum.se https://www.nationalmuseum.se","s:https|h:se|h:nationalmuseum| s:https|h:se|h:nationalmuseum|h:www| s:http|h:se|h:nationalmuseum| s:http|h:se|h:nationalmuseum|h:www|","http://www.nationalmuseum.se","false","UNCRAWLED","UNINDEXED","1","1516107566802","2018-01-16 13:59:26","1516107566808","2018-01-16 13:59:26","user via lru"
"117","Naturvardsverket.se","IN","http://naturvardsverket.se http://www.naturvardsverket.se https://naturvardsverket.se https://www.naturvardsverket.se","s:https|h:se|h:naturvardsverket| s:https|h:se|h:naturvardsverket|h:www| s:http|h:se|h:naturvardsverket| s:http|h:se|h:naturvardsverket|h:www|","http://www.naturvardsverket.se","false","UNCRAWLED","UNINDEXED","9","1516107566816","2018-01-16 13:59:26","1516107566822","2018-01-16 13:59:26","user via lru"
"118","Nfh.se","IN","http://nfh.se http://www.nfh.se https://nfh.se https://www.nfh.se","s:https|h:se|h:nfh| s:https|h:se|h:nfh|h:www| s:http|h:se|h:nfh| s:http|h:se|h:nfh|h:www|","http://www.nfh.se","false","UNCRAWLED","UNINDEXED","1","1516107566827","2018-01-16 13:59:26","1516107566838","2018-01-16 13:59:26","user via lru"
"119","Nrm.se","IN","http://nrm.se http://www.nrm.se https://nrm.se https://www.nrm.se","s:https|h:se|h:nrm| s:https|h:se|h:nrm|h:www| s:http|h:se|h:nrm| s:http|h:se|h:nrm|h:www|","http://www.nrm.se","false","UNCRAWLED","UNINDEXED","2","1516107566831","2018-01-16 13:59:26","1516107566840","2018-01-16 13:59:26","user via lru"
"120","Nykoping.se","IN","http://nykoping.se http://www.nykoping.se https://nykoping.se https://www.nykoping.se","s:https|h:se|h:nykoping| s:https|h:se|h:nykoping|h:www| s:http|h:se|h:nykoping| s:http|h:se|h:nykoping|h:www|","http://www.nykoping.se","false","UNCRAWLED","UNINDEXED","0","1516107566845","2018-01-16 13:59:26","1516107566864","2018-01-16 13:59:26","user via lru"
"121","Oks.se","IN","http://oks.se http://www.oks.se https://oks.se https://www.oks.se","s:https|h:se|h:oks| s:https|h:se|h:oks|h:www| s:http|h:se|h:oks| s:http|h:se|h:oks|h:www|","http://www.oks.se","false","UNCRAWLED","UNINDEXED","1","1516107566853","2018-01-16 13:59:26","1516107566870","2018-01-16 13:59:26","user via lru"
"122","Onh.se","IN","http://onh.se http://www.onh.se https://onh.se https://www.onh.se","s:https|h:se|h:onh| s:https|h:se|h:onh|h:www| s:http|h:se|h:onh| s:http|h:se|h:onh|h:www|","http://www.onh.se","false","UNCRAWLED","UNINDEXED","1","1516107566857","2018-01-16 13:59:26","1516107566877","2018-01-16 13:59:26","user via lru"
"123","Oru.se","IN","http://oru.se http://www.oru.se https://oru.se https://www.oru.se","s:https|h:se|h:oru| s:https|h:se|h:oru|h:www| s:http|h:se|h:oru| s:http|h:se|h:oru|h:www|","http://www.oru.se","false","UNCRAWLED","UNINDEXED","2","1516107566869","2018-01-16 13:59:26","1516107566892","2018-01-16 13:59:26","user via lru"
"124","Oskarshamn.se","IN","http://oskarshamn.se http://www.oskarshamn.se https://oskarshamn.se https://www.oskarshamn.se","s:https|h:se|h:oskarshamn| s:https|h:se|h:oskarshamn|h:www| s:http|h:se|h:oskarshamn| s:http|h:se|h:oskarshamn|h:www|","http://www.oskarshamn.se","false","UNCRAWLED","UNINDEXED","0","1516107566881","2018-01-16 13:59:26","1516107566916","2018-01-16 13:59:26","user via lru"
"125","Osthammar.se","IN","http://osthammar.se http://www.osthammar.se https://osthammar.se https://www.osthammar.se","s:https|h:se|h:osthammar| s:https|h:se|h:osthammar|h:www| s:http|h:se|h:osthammar| s:http|h:se|h:osthammar|h:www|","http://www.osthammar.se","false","UNCRAWLED","UNINDEXED","0","1516107566886","2018-01-16 13:59:26","1516107566918","2018-01-16 13:59:26","user via lru"
"126","Overklagandenamnden.se","IN","http://overklagandenamnden.se http://www.overklagandenamnden.se https://overklagandenamnden.se https://www.overklagandenamnden.se","s:https|h:se|h:overklagandenamnden| s:https|h:se|h:overklagandenamnden|h:www| s:http|h:se|h:overklagandenamnden| s:http|h:se|h:overklagandenamnden|h:www|","http://www.overklagandenamnden.se","false","UNCRAWLED","UNINDEXED","1","1516107566897","2018-01-16 13:59:26","1516107566924","2018-01-16 13:59:26","user via lru"
"127","Pensionsmyndigheten.se","IN","http://pensionsmyndigheten.se http://www.pensionsmyndigheten.se https://pensionsmyndigheten.se https://www.pensionsmyndigheten.se","s:https|h:se|h:pensionsmyndigheten| s:https|h:se|h:pensionsmyndigheten|h:www| s:http|h:se|h:pensionsmyndigheten| s:http|h:se|h:pensionsmyndigheten|h:www|","http://www.pensionsmyndigheten.se","false","UNCRAWLED","UNINDEXED","1","1516107566906","2018-01-16 13:59:26","1516107566935","2018-01-16 13:59:26","user via lru"
"128","Polar.se","IN","http://polar.se http://www.polar.se https://polar.se https://www.polar.se","s:https|h:se|h:polar| s:https|h:se|h:polar|h:www| s:http|h:se|h:polar| s:http|h:se|h:polar|h:www|","http://www.polar.se","false","UNCRAWLED","UNINDEXED","1","1516107566914","2018-01-16 13:59:26","1516107566941","2018-01-16 13:59:26","user via lru"
"129","Polisen.se","IN","http://polisen.se http://www.polisen.se https://polisen.se https://www.polisen.se","s:https|h:se|h:polisen| s:https|h:se|h:polisen|h:www| s:http|h:se|h:polisen| s:http|h:se|h:polisen|h:www|","http://www.polisen.se","false","UNCRAWLED","UNINDEXED","13","1516107566929","2018-01-16 13:59:26","1516107566960","2018-01-16 13:59:26","user via lru"
"130","Prv.se","IN","http://prv.se http://www.prv.se https://prv.se https://www.prv.se","s:https|h:se|h:prv| s:https|h:se|h:prv|h:www| s:http|h:se|h:prv| s:http|h:se|h:prv|h:www|","http://www.prv.se","false","UNCRAWLED","UNINDEXED","1","1516107566940","2018-01-16 13:59:26","1516107566972","2018-01-16 13:59:26","user via lru"
"131","Pts.se","IN","http://pts.se http://www.pts.se https://pts.se https://www.pts.se","s:https|h:se|h:pts| s:https|h:se|h:pts|h:www| s:http|h:se|h:pts| s:http|h:se|h:pts|h:www|","https://www.pts.se/cookies","false","UNCRAWLED","UNINDEXED","29","1516107566954","2018-01-16 13:59:26","1516107566981","2018-01-16 13:59:26","user via lru"
"132","Raa.se","IN","http://raa.se http://www.raa.se https://raa.se https://www.raa.se","s:https|h:se|h:raa| s:https|h:se|h:raa|h:www| s:http|h:se|h:raa| s:http|h:se|h:raa|h:www|","http://www.raa.se","false","UNCRAWLED","UNINDEXED","1","1516107566965","2018-01-16 13:59:26","1516107566988","2018-01-16 13:59:26","user via lru"
"133","Rattshjalp.se","IN","http://rattshjalp.se http://www.rattshjalp.se https://rattshjalp.se https://www.rattshjalp.se","s:https|h:se|h:rattshjalp| s:https|h:se|h:rattshjalp|h:www| s:http|h:se|h:rattshjalp| s:http|h:se|h:rattshjalp|h:www|","http://www.rattshjalp.se","false","UNCRAWLED","UNINDEXED","2","1516107566993","2018-01-16 13:59:26","1516107567017","2018-01-16 13:59:27","user via lru"
"134","Radioochtv.se","IN","http://radioochtv.se http://www.radioochtv.se https://radioochtv.se https://www.radioochtv.se","s:https|h:se|h:radioochtv| s:https|h:se|h:radioochtv|h:www| s:http|h:se|h:radioochtv| s:http|h:se|h:radioochtv|h:www|","http://www.radioochtv.se","false","UNCRAWLED","UNINDEXED","2","1516107567002","2018-01-16 13:59:27","1516107567034","2018-01-16 13:59:27","user via lru"
"135","Regeringen.se","IN","http://regeringen.se http://www.regeringen.se https://regeringen.se https://www.regeringen.se","s:https|h:se|h:regeringen| s:https|h:se|h:regeringen|h:www| s:http|h:se|h:regeringen| s:http|h:se|h:regeringen|h:www|","http://www.regeringen.se","false","UNCRAWLED","UNINDEXED","35","1516107567007","2018-01-16 13:59:27","1516107567036","2018-01-16 13:59:27","user via lru"
"136","Rekryteringsmyndigheten.se","IN","http://rekryteringsmyndigheten.se http://www.rekryteringsmyndigheten.se https://rekryteringsmyndigheten.se https://www.rekryteringsmyndigheten.se","s:https|h:se|h:rekryteringsmyndigheten| s:https|h:se|h:rekryteringsmyndigheten|h:www| s:http|h:se|h:rekryteringsmyndigheten| s:http|h:se|h:rekryteringsmyndigheten|h:www|","http://www.rekryteringsmyndigheten.se","false","UNCRAWLED","UNINDEXED","2","1516107567022","2018-01-16 13:59:27","1516107567049","2018-01-16 13:59:27","user via lru"
"137","Revisorsnamnden.se","IN","http://revisorsnamnden.se http://www.revisorsnamnden.se https://revisorsnamnden.se https://www.revisorsnamnden.se","s:https|h:se|h:revisorsnamnden| s:https|h:se|h:revisorsnamnden|h:www| s:http|h:se|h:revisorsnamnden| s:http|h:se|h:revisorsnamnden|h:www|","http://www.revisorsnamnden.se","false","UNCRAWLED","UNINDEXED","2","1516107567027","2018-01-16 13:59:27","1516107567055","2018-01-16 13:59:27","user via lru"
"138","Riksarkivet.se","IN","http://riksarkivet.se http://www.riksarkivet.se https://riksarkivet.se https://www.riksarkivet.se","s:https|h:se|h:riksarkivet| s:https|h:se|h:riksarkivet|h:www| s:http|h:se|h:riksarkivet| s:http|h:se|h:riksarkivet|h:www|","http://riksarkivet.se","false","UNCRAWLED","UNINDEXED","8","1516107567040","2018-01-16 13:59:27","1516107567071","2018-01-16 13:59:27","user via lru"
"139","Riksdagen.se","IN","http://riksdagen.se http://www.riksdagen.se https://riksdagen.se https://www.riksdagen.se","s:https|h:se|h:riksdagen| s:https|h:se|h:riksdagen|h:www| s:http|h:se|h:riksdagen| s:http|h:se|h:riksdagen|h:www|","http://www.riksdagen.se","false","UNCRAWLED","UNINDEXED","31","1516107567053","2018-01-16 13:59:27","1516107567082","2018-01-16 13:59:27","user via lru"
"140","Riksgalden.se","IN","http://riksgalden.se http://www.riksgalden.se https://riksgalden.se https://www.riksgalden.se","s:https|h:se|h:riksgalden| s:https|h:se|h:riksgalden|h:www| s:http|h:se|h:riksgalden| s:http|h:se|h:riksgalden|h:www|","http://www.riksgalden.se","false","UNCRAWLED","UNINDEXED","3","1516107567060","2018-01-16 13:59:27","1516107567101","2018-01-16 13:59:27","user via lru"
"141","Rmv.se","IN","http://rmv.se http://www.rmv.se https://rmv.se https://www.rmv.se","s:https|h:se|h:rmv| s:https|h:se|h:rmv|h:www| s:http|h:se|h:rmv| s:http|h:se|h:rmv|h:www|","http://www.rmv.se","false","UNCRAWLED","UNINDEXED","5","1516107567075","2018-01-16 13:59:27","1516107567108","2018-01-16 13:59:27","user via lru"
"142","Rymdstyrelsen.se","IN","http://rymdstyrelsen.se http://www.rymdstyrelsen.se https://rymdstyrelsen.se https://www.rymdstyrelsen.se","s:https|h:se|h:rymdstyrelsen| s:https|h:se|h:rymdstyrelsen|h:www| s:http|h:se|h:rymdstyrelsen| s:http|h:se|h:rymdstyrelsen|h:www|","http://www.rymdstyrelsen.se","false","UNCRAWLED","UNINDEXED","0","1516107567093","2018-01-16 13:59:27","1516107567119","2018-01-16 13:59:27","user via lru"
"143","Sakint.se","IN","http://sakint.se http://www.sakint.se https://sakint.se https://www.sakint.se","s:https|h:se|h:sakint| s:https|h:se|h:sakint|h:www| s:http|h:se|h:sakint| s:http|h:se|h:sakint|h:www|","http://www.sakint.se","false","UNCRAWLED","UNINDEXED","1","1516107567117","2018-01-16 13:59:27","1516107567139","2018-01-16 13:59:27","user via lru"
"144","Sameskolstyrelsen.se","IN","http://sameskolstyrelsen.se http://www.sameskolstyrelsen.se https://sameskolstyrelsen.se https://www.sameskolstyrelsen.se","s:https|h:se|h:sameskolstyrelsen| s:https|h:se|h:sameskolstyrelsen|h:www| s:http|h:se|h:sameskolstyrelsen| s:http|h:se|h:sameskolstyrelsen|h:www|","http://www.sameskolstyrelsen.se","false","UNCRAWLED","UNINDEXED","1","1516107567123","2018-01-16 13:59:27","1516107567152","2018-01-16 13:59:27","user via lru"
"145","Sametinget.se","IN","http://sametinget.se http://www.sametinget.se https://sametinget.se https://www.sametinget.se","s:https|h:se|h:sametinget| s:https|h:se|h:sametinget|h:www| s:http|h:se|h:sametinget| s:http|h:se|h:sametinget|h:www|","http://www.sametinget.se","false","UNCRAWLED","UNINDEXED","1","1516107567128","2018-01-16 13:59:27","1516107567159","2018-01-16 13:59:27","user via lru"
"146","Sbu.se","IN","http://sbu.se http://www.sbu.se https://sbu.se https://www.sbu.se","s:https|h:se|h:sbu| s:https|h:se|h:sbu|h:www| s:http|h:se|h:sbu| s:http|h:se|h:sbu|h:www|","http://www.sbu.se","false","UNCRAWLED","UNINDEXED","5","1516107567145","2018-01-16 13:59:27","1516107567167","2018-01-16 13:59:27","user via lru"
"147","Scb.se","IN","http://scb.se http://www.scb.se https://scb.se https://www.scb.se","s:https|h:se|h:scb| s:https|h:se|h:scb|h:www| s:http|h:se|h:scb| s:http|h:se|h:scb|h:www|","http://www.scb.se","false","UNCRAWLED","UNINDEXED","10","1516107567157","2018-01-16 13:59:27","1516107567190","2018-01-16 13:59:27","user via lru"
"148","Sfhm.se","IN","http://sfhm.se http://www.sfhm.se https://sfhm.se https://www.sfhm.se","s:https|h:se|h:sfhm| s:https|h:se|h:sfhm|h:www| s:http|h:se|h:sfhm| s:http|h:se|h:sfhm|h:www|","http://www.sfhm.se","false","UNCRAWLED","UNINDEXED","1","1516107567172","2018-01-16 13:59:27","1516107567207","2018-01-16 13:59:27","user via lru"
"149","Sfv.se","IN","http://sfv.se http://www.sfv.se https://sfv.se https://www.sfv.se","s:https|h:se|h:sfv| s:https|h:se|h:sfv|h:www| s:http|h:se|h:sfv| s:http|h:se|h:sfv|h:www|","http://www.sfv.se","false","UNCRAWLED","UNINDEXED","2","1516107567183","2018-01-16 13:59:27","1516107567213","2018-01-16 13:59:27","user via lru"
"150","Sgu.se","IN","http://sgu.se http://www.sgu.se https://sgu.se https://www.sgu.se","s:https|h:se|h:sgu| s:https|h:se|h:sgu|h:www| s:http|h:se|h:sgu| s:http|h:se|h:sgu|h:www|","http://www.sgu.se","false","UNCRAWLED","UNINDEXED","2","1516107567200","2018-01-16 13:59:27","1516107567225","2018-01-16 13:59:27","user via lru"
"151","Sh.se","IN","http://sh.se http://www.sh.se https://sh.se https://www.sh.se","s:https|h:se|h:sh| s:https|h:se|h:sh|h:www| s:http|h:se|h:sh| s:http|h:se|h:sh|h:www|","http://www.sh.se","false","UNCRAWLED","UNINDEXED","2","1516107567212","2018-01-16 13:59:27","1516107567243","2018-01-16 13:59:27","user via lru"
"152","Shmm.se","IN","http://shmm.se http://www.shmm.se https://shmm.se https://www.shmm.se","s:https|h:se|h:shmm| s:https|h:se|h:shmm|h:www| s:http|h:se|h:shmm| s:http|h:se|h:shmm|h:www|","http://www.shmm.se","false","UNCRAWLED","UNINDEXED","1","1516107567223","2018-01-16 13:59:27","1516107567255","2018-01-16 13:59:27","user via lru"
"153","Si.se","IN","http://si.se http://www.si.se https://si.se https://www.si.se","s:https|h:se|h:si| s:https|h:se|h:si|h:www| s:http|h:se|h:si| s:http|h:se|h:si|h:www|","http://www.si.se","false","UNCRAWLED","UNINDEXED","1","1516107567235","2018-01-16 13:59:27","1516107567272","2018-01-16 13:59:27","user via lru"
"154","Sida.se","IN","http://sida.se http://www.sida.se https://sida.se https://www.sida.se","s:https|h:se|h:sida| s:https|h:se|h:sida|h:www| s:http|h:se|h:sida| s:http|h:se|h:sida|h:www|","http://www.sida.se","false","UNCRAWLED","UNINDEXED","2","1516107567253","2018-01-16 13:59:27","1516107567279","2018-01-16 13:59:27","user via lru"
"155","Sieps.se","IN","http://sieps.se http://www.sieps.se https://sieps.se https://www.sieps.se","s:https|h:se|h:sieps| s:https|h:se|h:sieps|h:www| s:http|h:se|h:sieps| s:http|h:se|h:sieps|h:www|","http://www.sieps.se","false","UNCRAWLED","UNINDEXED","1","1516107567264","2018-01-16 13:59:27","1516107567297","2018-01-16 13:59:27","user via lru"
"156","Siun.se","IN","http://siun.se http://www.siun.se https://siun.se https://www.siun.se","s:https|h:se|h:siun| s:https|h:se|h:siun|h:www| s:http|h:se|h:siun| s:http|h:se|h:siun|h:www|","http://www.siun.se","false","UNCRAWLED","UNINDEXED","1","1516107567272","2018-01-16 13:59:27","1516107567304","2018-01-16 13:59:27","user via lru"
"157","Skatterattsnamnden.se","IN","http://skatterattsnamnden.se http://www.skatterattsnamnden.se https://skatterattsnamnden.se https://www.skatterattsnamnden.se","s:https|h:se|h:skatterattsnamnden| s:https|h:se|h:skatterattsnamnden|h:www| s:http|h:se|h:skatterattsnamnden| s:http|h:se|h:skatterattsnamnden|h:www|","https://skatterattsnamnden.se","false","UNCRAWLED","UNINDEXED","1","1516107567295","2018-01-16 13:59:27","1516107567321","2018-01-16 13:59:27","user via lru"
"158","Skatteverket.se","IN","http://skatteverket.se http://www.skatteverket.se https://skatteverket.se https://www.skatteverket.se","s:https|h:se|h:skatteverket| s:https|h:se|h:skatteverket|h:www| s:http|h:se|h:skatteverket| s:http|h:se|h:skatteverket|h:www|","http://www.skatteverket.se","false","UNCRAWLED","UNINDEXED","17","1516107567303","2018-01-16 13:59:27","1516107567333","2018-01-16 13:59:27","user via lru"
"159","Skogsstyrelsen.se","IN","http://skogsstyrelsen.se http://www.skogsstyrelsen.se https://skogsstyrelsen.se https://www.skogsstyrelsen.se","s:https|h:se|h:skogsstyrelsen| s:https|h:se|h:skogsstyrelsen|h:www| s:http|h:se|h:skogsstyrelsen| s:http|h:se|h:skogsstyrelsen|h:www|","http://www.skogsstyrelsen.se","false","UNCRAWLED","UNINDEXED","3","1516107567314","2018-01-16 13:59:27","1516107567346","2018-01-16 13:59:27","user via lru"
"160","Skolfi.se","IN","http://skolfi.se http://www.skolfi.se https://skolfi.se https://www.skolfi.se","s:https|h:se|h:skolfi| s:https|h:se|h:skolfi|h:www| s:http|h:se|h:skolfi| s:http|h:se|h:skolfi|h:www|","http://www.skolfi.se","false","UNCRAWLED","UNINDEXED","1","1516107567344","2018-01-16 13:59:27","1516107567368","2018-01-16 13:59:27","user via lru"
"161","Skolinspektionen.se","IN","http://skolinspektionen.se http://www.skolinspektionen.se https://skolinspektionen.se https://www.skolinspektionen.se","s:https|h:se|h:skolinspektionen| s:https|h:se|h:skolinspektionen|h:www| s:http|h:se|h:skolinspektionen| s:http|h:se|h:skolinspektionen|h:www|","http://www.skolinspektionen.se","false","UNCRAWLED","UNINDEXED","5","1516107567352","2018-01-16 13:59:27","1516107567379","2018-01-16 13:59:27","user via lru"
"162","Skolverket.se","IN","http://skolverket.se http://www.skolverket.se https://skolverket.se https://www.skolverket.se","s:https|h:se|h:skolverket| s:https|h:se|h:skolverket|h:www| s:http|h:se|h:skolverket| s:http|h:se|h:skolverket|h:www|","http://www.skolverket.se","false","UNCRAWLED","UNINDEXED","6","1516107567366","2018-01-16 13:59:27","1516107567399","2018-01-16 13:59:27","user via lru"
"163","Slu.se","IN","http://slu.se http://www.slu.se https://slu.se https://www.slu.se","s:https|h:se|h:slu| s:https|h:se|h:slu|h:www| s:http|h:se|h:slu| s:http|h:se|h:slu|h:www|","http://www.slu.se","false","UNCRAWLED","UNINDEXED","6","1516107567378","2018-01-16 13:59:27","1516107567407","2018-01-16 13:59:27","user via lru"
"164","Smhi.se","IN","http://smhi.se http://www.smhi.se https://smhi.se https://www.smhi.se","s:https|h:se|h:smhi| s:https|h:se|h:smhi|h:www| s:http|h:se|h:smhi| s:http|h:se|h:smhi|h:www|","http://www.smhi.se","false","UNCRAWLED","UNINDEXED","3","1516107567391","2018-01-16 13:59:27","1516107567424","2018-01-16 13:59:27","user via lru"
"165","Socialstyrelsen.se","IN","http://socialstyrelsen.se http://www.socialstyrelsen.se https://socialstyrelsen.se https://www.socialstyrelsen.se","s:https|h:se|h:socialstyrelsen| s:https|h:se|h:socialstyrelsen|h:www| s:http|h:se|h:socialstyrelsen| s:http|h:se|h:socialstyrelsen|h:www|","http://www.socialstyrelsen.se","false","UNCRAWLED","UNINDEXED","11","1516107567397","2018-01-16 13:59:27","1516107567432","2018-01-16 13:59:27","user via lru"
"166","Sprakochfolkminnen.se","IN","http://sprakochfolkminnen.se http://www.sprakochfolkminnen.se https://sprakochfolkminnen.se https://www.sprakochfolkminnen.se","s:https|h:se|h:sprakochfolkminnen| s:https|h:se|h:sprakochfolkminnen|h:www| s:http|h:se|h:sprakochfolkminnen| s:http|h:se|h:sprakochfolkminnen|h:www|","http://www.sprakochfolkminnen.se","false","UNCRAWLED","UNINDEXED","2","1516107567417","2018-01-16 13:59:27","1516107567443","2018-01-16 13:59:27","user via lru"
"167","Spsm.se","IN","http://spsm.se http://www.spsm.se https://spsm.se https://www.spsm.se","s:https|h:se|h:spsm| s:https|h:se|h:spsm|h:www| s:http|h:se|h:spsm| s:http|h:se|h:spsm|h:www|","http://www.spsm.se","false","UNCRAWLED","UNINDEXED","2","1516107567422","2018-01-16 13:59:27","1516107567448","2018-01-16 13:59:27","user via lru"
"168","Spv.se","IN","http://spv.se http://www.spv.se https://spv.se https://www.spv.se","s:https|h:se|h:spv| s:https|h:se|h:spv|h:www| s:http|h:se|h:spv| s:http|h:se|h:spv|h:www|","http://www.spv.se","false","UNCRAWLED","UNINDEXED","2","1516107567430","2018-01-16 13:59:27","1516107567457","2018-01-16 13:59:27","user via lru"
"169","Sst.a.se","IN","http://sst.a.se http://www.sst.a.se https://sst.a.se https://www.sst.a.se","s:https|h:a.se|h:sst| s:https|h:a.se|h:sst|h:www| s:http|h:a.se|h:sst| s:http|h:a.se|h:sst|h:www|","http://www.sst.a.se","false","UNCRAWLED","UNINDEXED","1","1516107567449","2018-01-16 13:59:27","1516107567474","2018-01-16 13:59:27","user via lru"
"170","Stat-Inst.se","IN","http://stat-inst.se http://www.stat-inst.se https://stat-inst.se https://www.stat-inst.se","s:https|h:se|h:stat-inst| s:https|h:se|h:stat-inst|h:www| s:http|h:se|h:stat-inst| s:http|h:se|h:stat-inst|h:www|","http://www.stat-inst.se","false","UNCRAWLED","UNINDEXED","3","1516107567462","2018-01-16 13:59:27","1516107567494","2018-01-16 13:59:27","user via lru"
"171","Statensansvarsnamnd.se","IN","http://statensansvarsnamnd.se http://www.statensansvarsnamnd.se https://statensansvarsnamnd.se https://www.statensansvarsnamnd.se","s:https|h:se|h:statensansvarsnamnd| s:https|h:se|h:statensansvarsnamnd|h:www| s:http|h:se|h:statensansvarsnamnd| s:http|h:se|h:statensansvarsnamnd|h:www|","http://www.statensansvarsnamnd.se","false","UNCRAWLED","UNINDEXED","0","1516107567500","2018-01-16 13:59:27","1516107567531","2018-01-16 13:59:27","user via lru"
"172","Statenskonstrad.se","IN","http://statenskonstrad.se http://www.statenskonstrad.se https://statenskonstrad.se https://www.statenskonstrad.se","s:https|h:se|h:statenskonstrad| s:https|h:se|h:statenskonstrad|h:www| s:http|h:se|h:statenskonstrad| s:http|h:se|h:statenskonstrad|h:www|","http://www.statenskonstrad.se","false","UNCRAWLED","UNINDEXED","1","1516107567505","2018-01-16 13:59:27","1516107567545","2018-01-16 13:59:27","user via lru"
"173","Sakerhetspolisen.se","IN","http://sakerhetspolisen.se http://www.sakerhetspolisen.se https://sakerhetspolisen.se https://www.sakerhetspolisen.se","s:https|h:se|h:sakerhetspolisen| s:https|h:se|h:sakerhetspolisen|h:www| s:http|h:se|h:sakerhetspolisen| s:http|h:se|h:sakerhetspolisen|h:www|","http://www.sakerhetspolisen.se","false","UNCRAWLED","UNINDEXED","2","1516107567511","2018-01-16 13:59:27","1516107567553","2018-01-16 13:59:27","user via lru"
"174","Statensmedierad.se","IN","http://statensmedierad.se http://www.statensmedierad.se https://statensmedierad.se https://www.statensmedierad.se","s:https|h:se|h:statensmedierad| s:https|h:se|h:statensmedierad|h:www| s:http|h:se|h:statensmedierad| s:http|h:se|h:statensmedierad|h:www|","http://www.statensmedierad.se","false","UNCRAWLED","UNINDEXED","1","1516107567517","2018-01-16 13:59:27","1516107567560","2018-01-16 13:59:27","user via lru"
"175","Statenssc.se","IN","http://statenssc.se http://www.statenssc.se https://statenssc.se https://www.statenssc.se","s:https|h:se|h:statenssc| s:https|h:se|h:statenssc|h:www| s:http|h:se|h:statenssc| s:http|h:se|h:statenssc|h:www|","http://www.statenssc.se","false","UNCRAWLED","UNINDEXED","2","1516107567523","2018-01-16 13:59:27","1516107567563","2018-01-16 13:59:27","user via lru"
"176","Statskontoret.se","IN","http://statskontoret.se http://www.statskontoret.se https://statskontoret.se https://www.statskontoret.se","s:https|h:se|h:statskontoret| s:https|h:se|h:statskontoret|h:www| s:http|h:se|h:statskontoret| s:http|h:se|h:statskontoret|h:www|","http://www.statskontoret.se","false","UNCRAWLED","UNINDEXED","2","1516107567537","2018-01-16 13:59:27","1516107567571","2018-01-16 13:59:27","user via lru"
"177","Stralsakerhetsmyndigheten.se","IN","http://stralsakerhetsmyndigheten.se http://www.stralsakerhetsmyndigheten.se https://stralsakerhetsmyndigheten.se https://www.stralsakerhetsmyndigheten.se","s:https|h:se|h:stralsakerhetsmyndigheten| s:https|h:se|h:stralsakerhetsmyndigheten|h:www| s:http|h:se|h:stralsakerhetsmyndigheten| s:http|h:se|h:stralsakerhetsmyndigheten|h:www|","http://www.stralsakerhetsmyndigheten.se","false","UNCRAWLED","UNINDEXED","5","1516107567551","2018-01-16 13:59:27","1516107567585","2018-01-16 13:59:27","user via lru"
"178","Su.se","IN","http://su.se http://www.su.se https://su.se https://www.su.se","s:https|h:se|h:su| s:https|h:se|h:su|h:www| s:http|h:se|h:su| s:http|h:se|h:su|h:www|","https://vfu.su.se/dashboard/index","false","UNCRAWLED","UNINDEXED","6","1516107567558","2018-01-16 13:59:27","1516107567613","2018-01-16 13:59:27","user via lru"
"179","Svenskailo-Kommitten.se","IN","http://svenskailo-kommitten.se http://www.svenskailo-kommitten.se https://svenskailo-kommitten.se https://www.svenskailo-kommitten.se","s:https|h:se|h:svenskailo-kommitten| s:https|h:se|h:svenskailo-kommitten|h:www| s:http|h:se|h:svenskailo-kommitten| s:http|h:se|h:svenskailo-kommitten|h:www|","http://www.svenskailo-kommitten.se","false","UNCRAWLED","UNINDEXED","0","1516107567577","2018-01-16 13:59:27","1516107567630","2018-01-16 13:59:27","user via lru"
"180","Svff.se","IN","http://svff.se http://www.svff.se https://svff.se https://www.svff.se","s:https|h:se|h:svff| s:https|h:se|h:svff|h:www| s:http|h:se|h:svff| s:http|h:se|h:svff|h:www|","http://www.svff.se","false","UNCRAWLED","UNINDEXED","1","1516107567640","2018-01-16 13:59:27","1516107567672","2018-01-16 13:59:27","user via lru"
"181","Swedac.se","IN","http://swedac.se http://www.swedac.se https://swedac.se https://www.swedac.se","s:https|h:se|h:swedac| s:https|h:se|h:swedac|h:www| s:http|h:se|h:swedac| s:http|h:se|h:swedac|h:www|","http://www.swedac.se","false","UNCRAWLED","UNINDEXED","3","1516107567646","2018-01-16 13:59:27","1516107567675","2018-01-16 13:59:27","user via lru"
"182","Sva.se","IN","http://sva.se http://www.sva.se https://sva.se https://www.sva.se","s:https|h:se|h:sva| s:https|h:se|h:sva|h:www| s:http|h:se|h:sva| s:http|h:se|h:sva|h:www|","http://www.sva.se","false","UNCRAWLED","UNINDEXED","2","1516107567664","2018-01-16 13:59:27","1516107567696","2018-01-16 13:59:27","user via lru"
"183","Swedgeo.se","IN","http://swedgeo.se http://www.swedgeo.se https://swedgeo.se https://www.swedgeo.se","s:https|h:se|h:swedgeo| s:https|h:se|h:swedgeo|h:www| s:http|h:se|h:swedgeo| s:http|h:se|h:swedgeo|h:www|","http://www.swedgeo.se","false","UNCRAWLED","UNINDEXED","1","1516107567680","2018-01-16 13:59:27","1516107567728","2018-01-16 13:59:27","user via lru"
"184","Tillvaxtanalys.se","IN","http://tillvaxtanalys.se http://www.tillvaxtanalys.se https://tillvaxtanalys.se https://www.tillvaxtanalys.se","s:https|h:se|h:tillvaxtanalys| s:https|h:se|h:tillvaxtanalys|h:www| s:http|h:se|h:tillvaxtanalys| s:http|h:se|h:tillvaxtanalys|h:www|","http://www.tillvaxtanalys.se","false","UNCRAWLED","UNINDEXED","2","1516107567687","2018-01-16 13:59:27","1516107567728","2018-01-16 13:59:27","user via lru"
"185","Tillvaxtverket.se","IN","http://tillvaxtverket.se http://www.tillvaxtverket.se https://tillvaxtverket.se https://www.tillvaxtverket.se","s:https|h:se|h:tillvaxtverket| s:https|h:se|h:tillvaxtverket|h:www| s:http|h:se|h:tillvaxtverket| s:http|h:se|h:tillvaxtverket|h:www|","http://www.tillvaxtverket.se","false","UNCRAWLED","UNINDEXED","7","1516107567693","2018-01-16 13:59:27","1516107567734","2018-01-16 13:59:27","user via lru"
"186","Tlv.se","IN","http://tlv.se http://www.tlv.se https://tlv.se https://www.tlv.se","s:https|h:se|h:tlv| s:https|h:se|h:tlv|h:www| s:http|h:se|h:tlv| s:http|h:se|h:tlv|h:www|","http://www.tlv.se","false","UNCRAWLED","UNINDEXED","3","1516107567701","2018-01-16 13:59:27","1516107567743","2018-01-16 13:59:27","user via lru"
"187","Trafa.se","IN","http://trafa.se http://www.trafa.se https://trafa.se https://www.trafa.se","s:https|h:se|h:trafa| s:https|h:se|h:trafa|h:www| s:http|h:se|h:trafa| s:http|h:se|h:trafa|h:www|","http://www.trafa.se","false","UNCRAWLED","UNINDEXED","1","1516107567708","2018-01-16 13:59:27","1516107567750","2018-01-16 13:59:27","user via lru"
"188","Trafikverket.se","IN","http://trafikverket.se http://www.trafikverket.se https://trafikverket.se https://www.trafikverket.se","s:https|h:se|h:trafikverket| s:https|h:se|h:trafikverket|h:www| s:http|h:se|h:trafikverket| s:http|h:se|h:trafikverket|h:www|","http://www.trafikverket.se","false","UNCRAWLED","UNINDEXED","5","1516107567719","2018-01-16 13:59:27","1516107567754","2018-01-16 13:59:27","user via lru"
"189","Tullverket.se","IN","http://tullverket.se http://www.tullverket.se https://tullverket.se https://www.tullverket.se","s:https|h:se|h:tullverket| s:https|h:se|h:tullverket|h:www| s:http|h:se|h:tullverket| s:http|h:se|h:tullverket|h:www|","http://www.tullverket.se","false","UNCRAWLED","UNINDEXED","4","1516107567758","2018-01-16 13:59:27","1516107567805","2018-01-16 13:59:27","user via lru"
"190","Uhr.se","IN","http://uhr.se http://www.uhr.se https://uhr.se https://www.uhr.se","s:https|h:se|h:uhr| s:https|h:se|h:uhr|h:www| s:http|h:se|h:uhr| s:http|h:se|h:uhr|h:www|","http://statistik.uhr.se","false","UNCRAWLED","UNINDEXED","4","1516107567779","2018-01-16 13:59:27","1516107567813","2018-01-16 13:59:27","user via lru"
"191","Uka.se","IN","http://uka.se http://www.uka.se https://uka.se https://www.uka.se","s:https|h:se|h:uka| s:https|h:se|h:uka|h:www| s:http|h:se|h:uka| s:http|h:se|h:uka|h:www|","http://www.uka.se","false","UNCRAWLED","UNINDEXED","3","1516107567791","2018-01-16 13:59:27","1516107567821","2018-01-16 13:59:27","user via lru"
"192","Umu.se","IN","http://umu.se http://www.umu.se https://umu.se https://www.umu.se","s:https|h:se|h:umu| s:https|h:se|h:umu|h:www| s:http|h:se|h:umu| s:http|h:se|h:umu|h:www|","http://www.umu.se","false","UNCRAWLED","UNINDEXED","3","1516107567811","2018-01-16 13:59:27","1516107567843","2018-01-16 13:59:27","user via lru"
"193","Uniarts.se","IN","http://uniarts.se http://www.uniarts.se https://uniarts.se https://www.uniarts.se","s:https|h:se|h:uniarts| s:https|h:se|h:uniarts|h:www| s:http|h:se|h:uniarts| s:http|h:se|h:uniarts|h:www|","http://www.uniarts.se","false","UNCRAWLED","UNINDEXED","1","1516107567819","2018-01-16 13:59:27","1516107567858","2018-01-16 13:59:27","user via lru"
"194","Transportstyrelsen.se","IN","http://transportstyrelsen.se http://www.transportstyrelsen.se https://transportstyrelsen.se https://www.transportstyrelsen.se","s:https|h:se|h:transportstyrelsen| s:https|h:se|h:transportstyrelsen|h:www| s:http|h:se|h:transportstyrelsen| s:http|h:se|h:transportstyrelsen|h:www|","http://www.transportstyrelsen.se","false","UNCRAWLED","UNINDEXED","10","1516107567834","2018-01-16 13:59:27","1516107567870","2018-01-16 13:59:27","user via lru"
"195","Upphandlingsmyndigheten.se","IN","http://upphandlingsmyndigheten.se http://www.upphandlingsmyndigheten.se https://upphandlingsmyndigheten.se https://www.upphandlingsmyndigheten.se","s:https|h:se|h:upphandlingsmyndigheten| s:https|h:se|h:upphandlingsmyndigheten|h:www| s:http|h:se|h:upphandlingsmyndigheten| s:http|h:se|h:upphandlingsmyndigheten|h:www|","http://www.upphandlingsmyndigheten.se","false","UNCRAWLED","UNINDEXED","5","1516107567850","2018-01-16 13:59:27","1516107567886","2018-01-16 13:59:27","user via lru"
"196","Uu.se","IN","http://uu.se http://www.uu.se https://uu.se https://www.uu.se","s:https|h:se|h:uu| s:https|h:se|h:uu|h:www| s:http|h:se|h:uu| s:http|h:se|h:uu|h:www|","http://www.nck.uu.se","false","UNCRAWLED","UNINDEXED","8","1516107567868","2018-01-16 13:59:27","1516107567901","2018-01-16 13:59:27","user via lru"
"197","Val.se","IN","http://val.se http://www.val.se https://val.se https://www.val.se","s:https|h:se|h:val| s:https|h:se|h:val|h:www| s:http|h:se|h:val| s:http|h:se|h:val|h:www|","http://www.val.se","false","UNCRAWLED","UNINDEXED","0","1516107567877","2018-01-16 13:59:27","1516107567909","2018-01-16 13:59:27","user via lru"
"198","Varberg.se","IN","http://varberg.se http://www.varberg.se https://varberg.se https://www.varberg.se","s:https|h:se|h:varberg| s:https|h:se|h:varberg|h:www| s:http|h:se|h:varberg| s:http|h:se|h:varberg|h:www|","http://campus.varberg.se/lokalbokning/schema/","false","UNCRAWLED","UNINDEXED","1","1516107567915","2018-01-16 13:59:27","1516107567935","2018-01-16 13:59:27","user via lru"
"199","Vardanalys.se","IN","http://vardanalys.se http://www.vardanalys.se https://vardanalys.se https://www.vardanalys.se","s:https|h:se|h:vardanalys| s:https|h:se|h:vardanalys|h:www| s:http|h:se|h:vardanalys| s:http|h:se|h:vardanalys|h:www|","http://www.vardanalys.se","false","UNCRAWLED","UNINDEXED","1","1516107567941","2018-01-16 13:59:27","1516107567964","2018-01-16 13:59:27","user via lru"
"202","Vinnova.se","IN","http://vinnova.se http://www.vinnova.se https://vinnova.se https://www.vinnova.se","s:https|h:se|h:vinnova| s:https|h:se|h:vinnova|h:www| s:http|h:se|h:vinnova| s:http|h:se|h:vinnova|h:www|","http://www.vinnova.se","false","UNCRAWLED","UNINDEXED","8","1516107567979","2018-01-16 13:59:27","1516107568006","2018-01-16 13:59:28","user via lru"
"200","Varldskulturmuseerna.se","IN","http://varldskulturmuseerna.se http://www.varldskulturmuseerna.se https://varldskulturmuseerna.se https://www.varldskulturmuseerna.se","s:https|h:se|h:varldskulturmuseerna| s:https|h:se|h:varldskulturmuseerna|h:www| s:http|h:se|h:varldskulturmuseerna| s:http|h:se|h:varldskulturmuseerna|h:www|","http://www.varldskulturmuseerna.se","false","UNCRAWLED","UNINDEXED","1","1516107567948","2018-01-16 13:59:27","1516107567964","2018-01-16 13:59:27","user via lru"
"201","Vetansvar.se","IN","http://vetansvar.se http://www.vetansvar.se https://vetansvar.se https://www.vetansvar.se","s:https|h:se|h:vetansvar| s:https|h:se|h:vetansvar|h:www| s:http|h:se|h:vetansvar| s:http|h:se|h:vetansvar|h:www|","http://www.vetansvar.se","false","UNCRAWLED","UNINDEXED","0","1516107567954","2018-01-16 13:59:27","1516107567972","2018-01-16 13:59:27","user via lru"
"203","Vr.se","IN","http://vr.se http://www.vr.se https://vr.se https://www.vr.se","s:https|h:se|h:vr| s:https|h:se|h:vr|h:www| s:http|h:se|h:vr| s:http|h:se|h:vr|h:www|","http://www.vr.se","false","UNCRAWLED","UNINDEXED","5","1516107567997","2018-01-16 13:59:27","1516107568014","2018-01-16 13:59:28","user via lru"
"204","Vti.se","IN","http://vti.se http://www.vti.se https://vti.se https://www.vti.se","s:https|h:se|h:vti| s:https|h:se|h:vti|h:www| s:http|h:se|h:vti| s:http|h:se|h:vti|h:www|","http://www.vti.se","false","UNCRAWLED","UNINDEXED","2","1516107568012","2018-01-16 13:59:28","1516107568030","2018-01-16 13:59:28","user via lru"